Matchday 1
Wednesday, May 7, 2025
6:00 PM	Big Fat Nerds	vs	Ye Olde Northenders	Field 1
7:00 PM	Other Team	vs	Another Team	Field 2
Matchday 2
Wednesday, May 14, 2025
6:00 PM	Big Fat Nerds	vs	Team A	Field 1
7:00 PM	Team B	vs	Big Fat Nerds	Field 2
Matchday 3
Wednesday, May 21, 2025
6:00 PM	Big Fat Nerds	vs	Team C	Field 1
7:00 PM	Team D	vs	Big Fat Nerds	Field 2
Matchday 4
Wednesday, May 28, 2025
6:00 PM	Big Fat Nerds	vs	Team E	Field 1
7:00 PM	Team F	vs	Big Fat Nerds	Field 2
Matchday 5
Wednesday, June 4, 2025
6:00 PM	Big Fat Nerds	vs	Team G	Field 1
7:00 PM	Team H	vs	Big Fat Nerds	Field 2
Matchday 6
Wednesday, June 11, 2025
6:00 PM	Big Fat Nerds	vs	Team I	Field 1
7:00 PM	Team J	vs	Big Fat Nerds	Field 2
Matchday 7
Wednesday, June 18, 2025
6:00 PM	Big Fat Nerds	vs	Team K	Field 1
7:00 PM	Team L	vs	Big Fat Nerds	Field 2
Matchday 8
Wednesday, June 25, 2025
6:00 PM	Big Fat Nerds	vs	Team M	Field 1

